timestamp,deviceId,sensors
14739,reply-equip-001,"{'vibration': {'accel_x': 0.0, 'accel_y': 0.0, 'accel_z': 9.81}, 'temperature': {'value_celsius': 0.0}, 'current_voltage': {'current_amps': -5.0}}"
15739,reply-equip-001,"{'vibration': {'accel_x': 0.0, 'accel_y': 0.0, 'accel_z': 9.81}, 'temperature': {'value_celsius': 0.0}, 'current_voltage': {'current_amps': -5.0}}"
14739,reply-equip-001,"{'vibration': {'accel_x': 0.0, 'accel_y': 0.0, 'accel_z': 9.81}, 'temperature': {'value_celsius': 0.0}, 'current_voltage': {'current_amps': -5.0}}"
15739,reply-equip-001,"{'vibration': {'accel_x': 0.0, 'accel_y': 0.0, 'accel_z': 9.81}, 'temperature': {'value_celsius': 0.0}, 'current_voltage': {'current_amps': -5.0}}"
16739,reply-equip-001,"{'vibration': {'accel_x': 0.0, 'accel_y': 0.0, 'accel_z': 9.81}, 'temperature': {'value_celsius': 0.0}, 'current_voltage': {'current_amps': 5.0}}"
14739,reply-equip-001,"{'vibration': {'accel_x': 0.0, 'accel_y': 0.0, 'accel_z': 9.81}, 'temperature': {'value_celsius': 0.0}, 'current_voltage': {'current_amps': -5.0}}"
15739,reply-equip-001,"{'vibration': {'accel_x': 0.0, 'accel_y': 0.0, 'accel_z': 9.81}, 'temperature': {'value_celsius': 0.0}, 'current_voltage': {'current_amps': -5.0}}"
16739,reply-equip-001,"{'vibration': {'accel_x': 0.0, 'accel_y': 0.0, 'accel_z': 9.81}, 'temperature': {'value_celsius': 0.0}, 'current_voltage': {'current_amps': 5.0}}"
17739,reply-equip-001,"{'vibration': {'accel_x': 0.0, 'accel_y': 0.0, 'accel_z': 9.81}, 'temperature': {'value_celsius': 0.0}, 'current_voltage': {'current_amps': 5.0}}"
18739,reply-equip-001,"{'vibration': {'accel_x': 0.0, 'accel_y': 0.0, 'accel_z': 9.81}, 'temperature': {'value_celsius': 0.0}, 'current_voltage': {'current_amps': -5.0}}"
14739,reply-equip-001,"{'vibration': {'accel_x': 0.0, 'accel_y': 0.0, 'accel_z': 9.81}, 'temperature': {'value_celsius': 0.0}, 'current_voltage': {'current_amps': -5.0}}"
15739,reply-equip-001,"{'vibration': {'accel_x': 0.0, 'accel_y': 0.0, 'accel_z': 9.81}, 'temperature': {'value_celsius': 0.0}, 'current_voltage': {'current_amps': -5.0}}"
16739,reply-equip-001,"{'vibration': {'accel_x': 0.0, 'accel_y': 0.0, 'accel_z': 9.81}, 'temperature': {'value_celsius': 0.0}, 'current_voltage': {'current_amps': 5.0}}"
17739,reply-equip-001,"{'vibration': {'accel_x': 0.0, 'accel_y': 0.0, 'accel_z': 9.81}, 'temperature': {'value_celsius': 0.0}, 'current_voltage': {'current_amps': 5.0}}"
18739,reply-equip-001,"{'vibration': {'accel_x': 0.0, 'accel_y': 0.0, 'accel_z': 9.81}, 'temperature': {'value_celsius': 0.0}, 'current_voltage': {'current_amps': -5.0}}"
19739,reply-equip-001,"{'vibration': {'accel_x': 0.0, 'accel_y': 0.0, 'accel_z': 9.81}, 'temperature': {'value_celsius': 0.0}, 'current_voltage': {'current_amps': -0.17}}"
14739,reply-equip-001,"{'vibration': {'accel_x': 0.0, 'accel_y': 0.0, 'accel_z': 9.81}, 'temperature': {'value_celsius': 0.0}, 'current_voltage': {'current_amps': -5.0}}"
15739,reply-equip-001,"{'vibration': {'accel_x': 0.0, 'accel_y': 0.0, 'accel_z': 9.81}, 'temperature': {'value_celsius': 0.0}, 'current_voltage': {'current_amps': -5.0}}"
16739,reply-equip-001,"{'vibration': {'accel_x': 0.0, 'accel_y': 0.0, 'accel_z': 9.81}, 'temperature': {'value_celsius': 0.0}, 'current_voltage': {'current_amps': 5.0}}"
17739,reply-equip-001,"{'vibration': {'accel_x': 0.0, 'accel_y': 0.0, 'accel_z': 9.81}, 'temperature': {'value_celsius': 0.0}, 'current_voltage': {'current_amps': 5.0}}"
18739,reply-equip-001,"{'vibration': {'accel_x': 0.0, 'accel_y': 0.0, 'accel_z': 9.81}, 'temperature': {'value_celsius': 0.0}, 'current_voltage': {'current_amps': -5.0}}"
19739,reply-equip-001,"{'vibration': {'accel_x': 0.0, 'accel_y': 0.0, 'accel_z': 9.81}, 'temperature': {'value_celsius': 0.0}, 'current_voltage': {'current_amps': -0.17}}"
20739,reply-equip-001,"{'vibration': {'accel_x': 0.0, 'accel_y': 0.0, 'accel_z': 9.81}, 'temperature': {'value_celsius': 0.0}, 'current_voltage': {'current_amps': 0.84}}"
46788,reply-equip-001,"{'vibration': {'accel_x': 0.0, 'accel_y': 0.0, 'accel_z': 9.81}, 'temperature': {'value_celsius': 0.0}, 'current_voltage': {'current_amps': -5.0}}"
46788,reply-equip-001,"{'vibration': {'accel_x': 0.0, 'accel_y': 0.0, 'accel_z': 9.81}, 'temperature': {'value_celsius': 0.0}, 'current_voltage': {'current_amps': -5.0}}"
47789,reply-equip-001,"{'vibration': {'accel_x': 0.0, 'accel_y': 0.0, 'accel_z': 9.81}, 'temperature': {'value_celsius': 0.0}, 'current_voltage': {'current_amps': -5.0}}"
46788,reply-equip-001,"{'vibration': {'accel_x': 0.0, 'accel_y': 0.0, 'accel_z': 9.81}, 'temperature': {'value_celsius': 0.0}, 'current_voltage': {'current_amps': -5.0}}"
47789,reply-equip-001,"{'vibration': {'accel_x': 0.0, 'accel_y': 0.0, 'accel_z': 9.81}, 'temperature': {'value_celsius': 0.0}, 'current_voltage': {'current_amps': -5.0}}"
48788,reply-equip-001,"{'vibration': {'accel_x': 0.0, 'accel_y': 0.0, 'accel_z': 9.81}, 'temperature': {'value_celsius': 0.0}, 'current_voltage': {'current_amps': -5.0}}"
46788,reply-equip-001,"{'vibration': {'accel_x': 0.0, 'accel_y': 0.0, 'accel_z': 9.81}, 'temperature': {'value_celsius': 0.0}, 'current_voltage': {'current_amps': -5.0}}"
47789,reply-equip-001,"{'vibration': {'accel_x': 0.0, 'accel_y': 0.0, 'accel_z': 9.81}, 'temperature': {'value_celsius': 0.0}, 'current_voltage': {'current_amps': -5.0}}"
48788,reply-equip-001,"{'vibration': {'accel_x': 0.0, 'accel_y': 0.0, 'accel_z': 9.81}, 'temperature': {'value_celsius': 0.0}, 'current_voltage': {'current_amps': -5.0}}"
49989,reply-equip-001,"{'vibration': {'accel_x': 0.0, 'accel_y': 0.0, 'accel_z': 9.81}, 'temperature': {'value_celsius': 0.0}, 'current_voltage': {'current_amps': -5.0}}"
46788,reply-equip-001,"{'vibration': {'accel_x': 0.0, 'accel_y': 0.0, 'accel_z': 9.81}, 'temperature': {'value_celsius': 0.0}, 'current_voltage': {'current_amps': -5.0}}"
47789,reply-equip-001,"{'vibration': {'accel_x': 0.0, 'accel_y': 0.0, 'accel_z': 9.81}, 'temperature': {'value_celsius': 0.0}, 'current_voltage': {'current_amps': -5.0}}"
48788,reply-equip-001,"{'vibration': {'accel_x': 0.0, 'accel_y': 0.0, 'accel_z': 9.81}, 'temperature': {'value_celsius': 0.0}, 'current_voltage': {'current_amps': -5.0}}"
49989,reply-equip-001,"{'vibration': {'accel_x': 0.0, 'accel_y': 0.0, 'accel_z': 9.81}, 'temperature': {'value_celsius': 0.0}, 'current_voltage': {'current_amps': -5.0}}"
50988,reply-equip-001,"{'vibration': {'accel_x': 0.0, 'accel_y': 0.0, 'accel_z': 9.81}, 'temperature': {'value_celsius': 0.0}, 'current_voltage': {'current_amps': -5.0}}"
46788,reply-equip-001,"{'vibration': {'accel_x': 0.0, 'accel_y': 0.0, 'accel_z': 9.81}, 'temperature': {'value_celsius': 0.0}, 'current_voltage': {'current_amps': -5.0}}"
47789,reply-equip-001,"{'vibration': {'accel_x': 0.0, 'accel_y': 0.0, 'accel_z': 9.81}, 'temperature': {'value_celsius': 0.0}, 'current_voltage': {'current_amps': -5.0}}"
48788,reply-equip-001,"{'vibration': {'accel_x': 0.0, 'accel_y': 0.0, 'accel_z': 9.81}, 'temperature': {'value_celsius': 0.0}, 'current_voltage': {'current_amps': -5.0}}"
49989,reply-equip-001,"{'vibration': {'accel_x': 0.0, 'accel_y': 0.0, 'accel_z': 9.81}, 'temperature': {'value_celsius': 0.0}, 'current_voltage': {'current_amps': -5.0}}"
50988,reply-equip-001,"{'vibration': {'accel_x': 0.0, 'accel_y': 0.0, 'accel_z': 9.81}, 'temperature': {'value_celsius': 0.0}, 'current_voltage': {'current_amps': -5.0}}"
51988,reply-equip-001,"{'vibration': {'accel_x': 0.0, 'accel_y': 0.0, 'accel_z': 9.81}, 'temperature': {'value_celsius': 0.0}, 'current_voltage': {'current_amps': -5.0}}"
46788,reply-equip-001,"{'vibration': {'accel_x': 0.0, 'accel_y': 0.0, 'accel_z': 9.81}, 'temperature': {'value_celsius': 0.0}, 'current_voltage': {'current_amps': -5.0}}"
47789,reply-equip-001,"{'vibration': {'accel_x': 0.0, 'accel_y': 0.0, 'accel_z': 9.81}, 'temperature': {'value_celsius': 0.0}, 'current_voltage': {'current_amps': -5.0}}"
48788,reply-equip-001,"{'vibration': {'accel_x': 0.0, 'accel_y': 0.0, 'accel_z': 9.81}, 'temperature': {'value_celsius': 0.0}, 'current_voltage': {'current_amps': -5.0}}"
49989,reply-equip-001,"{'vibration': {'accel_x': 0.0, 'accel_y': 0.0, 'accel_z': 9.81}, 'temperature': {'value_celsius': 0.0}, 'current_voltage': {'current_amps': -5.0}}"
50988,reply-equip-001,"{'vibration': {'accel_x': 0.0, 'accel_y': 0.0, 'accel_z': 9.81}, 'temperature': {'value_celsius': 0.0}, 'current_voltage': {'current_amps': -5.0}}"
51988,reply-equip-001,"{'vibration': {'accel_x': 0.0, 'accel_y': 0.0, 'accel_z': 9.81}, 'temperature': {'value_celsius': 0.0}, 'current_voltage': {'current_amps': -5.0}}"
52989,reply-equip-001,"{'vibration': {'accel_x': 0.0, 'accel_y': 0.0, 'accel_z': 9.81}, 'temperature': {'value_celsius': 0.0}, 'current_voltage': {'current_amps': -5.0}}"
46788,reply-equip-001,"{'vibration': {'accel_x': 0.0, 'accel_y': 0.0, 'accel_z': 9.81}, 'temperature': {'value_celsius': 0.0}, 'current_voltage': {'current_amps': -5.0}}"
47789,reply-equip-001,"{'vibration': {'accel_x': 0.0, 'accel_y': 0.0, 'accel_z': 9.81}, 'temperature': {'value_celsius': 0.0}, 'current_voltage': {'current_amps': -5.0}}"
48788,reply-equip-001,"{'vibration': {'accel_x': 0.0, 'accel_y': 0.0, 'accel_z': 9.81}, 'temperature': {'value_celsius': 0.0}, 'current_voltage': {'current_amps': -5.0}}"
49989,reply-equip-001,"{'vibration': {'accel_x': 0.0, 'accel_y': 0.0, 'accel_z': 9.81}, 'temperature': {'value_celsius': 0.0}, 'current_voltage': {'current_amps': -5.0}}"
50988,reply-equip-001,"{'vibration': {'accel_x': 0.0, 'accel_y': 0.0, 'accel_z': 9.81}, 'temperature': {'value_celsius': 0.0}, 'current_voltage': {'current_amps': -5.0}}"
51988,reply-equip-001,"{'vibration': {'accel_x': 0.0, 'accel_y': 0.0, 'accel_z': 9.81}, 'temperature': {'value_celsius': 0.0}, 'current_voltage': {'current_amps': -5.0}}"
52989,reply-equip-001,"{'vibration': {'accel_x': 0.0, 'accel_y': 0.0, 'accel_z': 9.81}, 'temperature': {'value_celsius': 0.0}, 'current_voltage': {'current_amps': -5.0}}"
53989,reply-equip-001,"{'vibration': {'accel_x': 0.0, 'accel_y': 0.0, 'accel_z': 9.81}, 'temperature': {'value_celsius': 0.0}, 'current_voltage': {'current_amps': -5.0}}"
46788,reply-equip-001,"{'vibration': {'accel_x': 0.0, 'accel_y': 0.0, 'accel_z': 9.81}, 'temperature': {'value_celsius': 0.0}, 'current_voltage': {'current_amps': -5.0}}"
47789,reply-equip-001,"{'vibration': {'accel_x': 0.0, 'accel_y': 0.0, 'accel_z': 9.81}, 'temperature': {'value_celsius': 0.0}, 'current_voltage': {'current_amps': -5.0}}"
48788,reply-equip-001,"{'vibration': {'accel_x': 0.0, 'accel_y': 0.0, 'accel_z': 9.81}, 'temperature': {'value_celsius': 0.0}, 'current_voltage': {'current_amps': -5.0}}"
49989,reply-equip-001,"{'vibration': {'accel_x': 0.0, 'accel_y': 0.0, 'accel_z': 9.81}, 'temperature': {'value_celsius': 0.0}, 'current_voltage': {'current_amps': -5.0}}"
50988,reply-equip-001,"{'vibration': {'accel_x': 0.0, 'accel_y': 0.0, 'accel_z': 9.81}, 'temperature': {'value_celsius': 0.0}, 'current_voltage': {'current_amps': -5.0}}"
51988,reply-equip-001,"{'vibration': {'accel_x': 0.0, 'accel_y': 0.0, 'accel_z': 9.81}, 'temperature': {'value_celsius': 0.0}, 'current_voltage': {'current_amps': -5.0}}"
52989,reply-equip-001,"{'vibration': {'accel_x': 0.0, 'accel_y': 0.0, 'accel_z': 9.81}, 'temperature': {'value_celsius': 0.0}, 'current_voltage': {'current_amps': -5.0}}"
53989,reply-equip-001,"{'vibration': {'accel_x': 0.0, 'accel_y': 0.0, 'accel_z': 9.81}, 'temperature': {'value_celsius': 0.0}, 'current_voltage': {'current_amps': -5.0}}"
54988,reply-equip-001,"{'vibration': {'accel_x': 0.0, 'accel_y': 0.0, 'accel_z': 9.81}, 'temperature': {'value_celsius': 0.0}, 'current_voltage': {'current_amps': -5.0}}"
55988,reply-equip-001,"{'vibration': {'accel_x': 0.0, 'accel_y': 0.0, 'accel_z': 9.81}, 'temperature': {'value_celsius': 0.0}, 'current_voltage': {'current_amps': -5.0}}"
46788,reply-equip-001,"{'vibration': {'accel_x': 0.0, 'accel_y': 0.0, 'accel_z': 9.81}, 'temperature': {'value_celsius': 0.0}, 'current_voltage': {'current_amps': -5.0}}"
47789,reply-equip-001,"{'vibration': {'accel_x': 0.0, 'accel_y': 0.0, 'accel_z': 9.81}, 'temperature': {'value_celsius': 0.0}, 'current_voltage': {'current_amps': -5.0}}"
48788,reply-equip-001,"{'vibration': {'accel_x': 0.0, 'accel_y': 0.0, 'accel_z': 9.81}, 'temperature': {'value_celsius': 0.0}, 'current_voltage': {'current_amps': -5.0}}"
49989,reply-equip-001,"{'vibration': {'accel_x': 0.0, 'accel_y': 0.0, 'accel_z': 9.81}, 'temperature': {'value_celsius': 0.0}, 'current_voltage': {'current_amps': -5.0}}"
50988,reply-equip-001,"{'vibration': {'accel_x': 0.0, 'accel_y': 0.0, 'accel_z': 9.81}, 'temperature': {'value_celsius': 0.0}, 'current_voltage': {'current_amps': -5.0}}"
51988,reply-equip-001,"{'vibration': {'accel_x': 0.0, 'accel_y': 0.0, 'accel_z': 9.81}, 'temperature': {'value_celsius': 0.0}, 'current_voltage': {'current_amps': -5.0}}"
52989,reply-equip-001,"{'vibration': {'accel_x': 0.0, 'accel_y': 0.0, 'accel_z': 9.81}, 'temperature': {'value_celsius': 0.0}, 'current_voltage': {'current_amps': -5.0}}"
53989,reply-equip-001,"{'vibration': {'accel_x': 0.0, 'accel_y': 0.0, 'accel_z': 9.81}, 'temperature': {'value_celsius': 0.0}, 'current_voltage': {'current_amps': -5.0}}"
54988,reply-equip-001,"{'vibration': {'accel_x': 0.0, 'accel_y': 0.0, 'accel_z': 9.81}, 'temperature': {'value_celsius': 0.0}, 'current_voltage': {'current_amps': -5.0}}"
55988,reply-equip-001,"{'vibration': {'accel_x': 0.0, 'accel_y': 0.0, 'accel_z': 9.81}, 'temperature': {'value_celsius': 0.0}, 'current_voltage': {'current_amps': -5.0}}"
56988,reply-equip-001,"{'vibration': {'accel_x': 0.0, 'accel_y': 0.0, 'accel_z': 9.81}, 'temperature': {'value_celsius': 0.0}, 'current_voltage': {'current_amps': -5.0}}"
46788,reply-equip-001,"{'vibration': {'accel_x': 0.0, 'accel_y': 0.0, 'accel_z': 9.81}, 'temperature': {'value_celsius': 0.0}, 'current_voltage': {'current_amps': -5.0}}"
47789,reply-equip-001,"{'vibration': {'accel_x': 0.0, 'accel_y': 0.0, 'accel_z': 9.81}, 'temperature': {'value_celsius': 0.0}, 'current_voltage': {'current_amps': -5.0}}"
48788,reply-equip-001,"{'vibration': {'accel_x': 0.0, 'accel_y': 0.0, 'accel_z': 9.81}, 'temperature': {'value_celsius': 0.0}, 'current_voltage': {'current_amps': -5.0}}"
49989,reply-equip-001,"{'vibration': {'accel_x': 0.0, 'accel_y': 0.0, 'accel_z': 9.81}, 'temperature': {'value_celsius': 0.0}, 'current_voltage': {'current_amps': -5.0}}"
50988,reply-equip-001,"{'vibration': {'accel_x': 0.0, 'accel_y': 0.0, 'accel_z': 9.81}, 'temperature': {'value_celsius': 0.0}, 'current_voltage': {'current_amps': -5.0}}"
51988,reply-equip-001,"{'vibration': {'accel_x': 0.0, 'accel_y': 0.0, 'accel_z': 9.81}, 'temperature': {'value_celsius': 0.0}, 'current_voltage': {'current_amps': -5.0}}"
52989,reply-equip-001,"{'vibration': {'accel_x': 0.0, 'accel_y': 0.0, 'accel_z': 9.81}, 'temperature': {'value_celsius': 0.0}, 'current_voltage': {'current_amps': -5.0}}"
53989,reply-equip-001,"{'vibration': {'accel_x': 0.0, 'accel_y': 0.0, 'accel_z': 9.81}, 'temperature': {'value_celsius': 0.0}, 'current_voltage': {'current_amps': -5.0}}"
54988,reply-equip-001,"{'vibration': {'accel_x': 0.0, 'accel_y': 0.0, 'accel_z': 9.81}, 'temperature': {'value_celsius': 0.0}, 'current_voltage': {'current_amps': -5.0}}"
55988,reply-equip-001,"{'vibration': {'accel_x': 0.0, 'accel_y': 0.0, 'accel_z': 9.81}, 'temperature': {'value_celsius': 0.0}, 'current_voltage': {'current_amps': -5.0}}"
56988,reply-equip-001,"{'vibration': {'accel_x': 0.0, 'accel_y': 0.0, 'accel_z': 9.81}, 'temperature': {'value_celsius': 0.0}, 'current_voltage': {'current_amps': -5.0}}"
57988,reply-equip-001,"{'vibration': {'accel_x': 0.0, 'accel_y': 0.0, 'accel_z': 9.81}, 'temperature': {'value_celsius': 0.0}, 'current_voltage': {'current_amps': -5.0}}"
46788,reply-equip-001,"{'vibration': {'accel_x': 0.0, 'accel_y': 0.0, 'accel_z': 9.81}, 'temperature': {'value_celsius': 0.0}, 'current_voltage': {'current_amps': -5.0}}"
47789,reply-equip-001,"{'vibration': {'accel_x': 0.0, 'accel_y': 0.0, 'accel_z': 9.81}, 'temperature': {'value_celsius': 0.0}, 'current_voltage': {'current_amps': -5.0}}"
48788,reply-equip-001,"{'vibration': {'accel_x': 0.0, 'accel_y': 0.0, 'accel_z': 9.81}, 'temperature': {'value_celsius': 0.0}, 'current_voltage': {'current_amps': -5.0}}"
49989,reply-equip-001,"{'vibration': {'accel_x': 0.0, 'accel_y': 0.0, 'accel_z': 9.81}, 'temperature': {'value_celsius': 0.0}, 'current_voltage': {'current_amps': -5.0}}"
50988,reply-equip-001,"{'vibration': {'accel_x': 0.0, 'accel_y': 0.0, 'accel_z': 9.81}, 'temperature': {'value_celsius': 0.0}, 'current_voltage': {'current_amps': -5.0}}"
51988,reply-equip-001,"{'vibration': {'accel_x': 0.0, 'accel_y': 0.0, 'accel_z': 9.81}, 'temperature': {'value_celsius': 0.0}, 'current_voltage': {'current_amps': -5.0}}"
52989,reply-equip-001,"{'vibration': {'accel_x': 0.0, 'accel_y': 0.0, 'accel_z': 9.81}, 'temperature': {'value_celsius': 0.0}, 'current_voltage': {'current_amps': -5.0}}"
53989,reply-equip-001,"{'vibration': {'accel_x': 0.0, 'accel_y': 0.0, 'accel_z': 9.81}, 'temperature': {'value_celsius': 0.0}, 'current_voltage': {'current_amps': -5.0}}"
54988,reply-equip-001,"{'vibration': {'accel_x': 0.0, 'accel_y': 0.0, 'accel_z': 9.81}, 'temperature': {'value_celsius': 0.0}, 'current_voltage': {'current_amps': -5.0}}"
55988,reply-equip-001,"{'vibration': {'accel_x': 0.0, 'accel_y': 0.0, 'accel_z': 9.81}, 'temperature': {'value_celsius': 0.0}, 'current_voltage': {'current_amps': -5.0}}"
56988,reply-equip-001,"{'vibration': {'accel_x': 0.0, 'accel_y': 0.0, 'accel_z': 9.81}, 'temperature': {'value_celsius': 0.0}, 'current_voltage': {'current_amps': -5.0}}"
57988,reply-equip-001,"{'vibration': {'accel_x': 0.0, 'accel_y': 0.0, 'accel_z': 9.81}, 'temperature': {'value_celsius': 0.0}, 'current_voltage': {'current_amps': -5.0}}"
58989,reply-equip-001,"{'vibration': {'accel_x': 0.0, 'accel_y': 0.0, 'accel_z': 9.81}, 'temperature': {'value_celsius': 0.0}, 'current_voltage': {'current_amps': -5.0}}"
59989,reply-equip-001,"{'vibration': {'accel_x': 0.0, 'accel_y': 0.0, 'accel_z': 9.81}, 'temperature': {'value_celsius': 0.0}, 'current_voltage': {'current_amps': -5.0}}"
46788,reply-equip-001,"{'vibration': {'accel_x': 0.0, 'accel_y': 0.0, 'accel_z': 9.81}, 'temperature': {'value_celsius': 0.0}, 'current_voltage': {'current_amps': -5.0}}"
47789,reply-equip-001,"{'vibration': {'accel_x': 0.0, 'accel_y': 0.0, 'accel_z': 9.81}, 'temperature': {'value_celsius': 0.0}, 'current_voltage': {'current_amps': -5.0}}"
48788,reply-equip-001,"{'vibration': {'accel_x': 0.0, 'accel_y': 0.0, 'accel_z': 9.81}, 'temperature': {'value_celsius': 0.0}, 'current_voltage': {'current_amps': -5.0}}"
49989,reply-equip-001,"{'vibration': {'accel_x': 0.0, 'accel_y': 0.0, 'accel_z': 9.81}, 'temperature': {'value_celsius': 0.0}, 'current_voltage': {'current_amps': -5.0}}"
50988,reply-equip-001,"{'vibration': {'accel_x': 0.0, 'accel_y': 0.0, 'accel_z': 9.81}, 'temperature': {'value_celsius': 0.0}, 'current_voltage': {'current_amps': -5.0}}"
51988,reply-equip-001,"{'vibration': {'accel_x': 0.0, 'accel_y': 0.0, 'accel_z': 9.81}, 'temperature': {'value_celsius': 0.0}, 'current_voltage': {'current_amps': -5.0}}"
52989,reply-equip-001,"{'vibration': {'accel_x': 0.0, 'accel_y': 0.0, 'accel_z': 9.81}, 'temperature': {'value_celsius': 0.0}, 'current_voltage': {'current_amps': -5.0}}"
53989,reply-equip-001,"{'vibration': {'accel_x': 0.0, 'accel_y': 0.0, 'accel_z': 9.81}, 'temperature': {'value_celsius': 0.0}, 'current_voltage': {'current_amps': -5.0}}"
54988,reply-equip-001,"{'vibration': {'accel_x': 0.0, 'accel_y': 0.0, 'accel_z': 9.81}, 'temperature': {'value_celsius': 0.0}, 'current_voltage': {'current_amps': -5.0}}"
55988,reply-equip-001,"{'vibration': {'accel_x': 0.0, 'accel_y': 0.0, 'accel_z': 9.81}, 'temperature': {'value_celsius': 0.0}, 'current_voltage': {'current_amps': -5.0}}"
56988,reply-equip-001,"{'vibration': {'accel_x': 0.0, 'accel_y': 0.0, 'accel_z': 9.81}, 'temperature': {'value_celsius': 0.0}, 'current_voltage': {'current_amps': -5.0}}"
57988,reply-equip-001,"{'vibration': {'accel_x': 0.0, 'accel_y': 0.0, 'accel_z': 9.81}, 'temperature': {'value_celsius': 0.0}, 'current_voltage': {'current_amps': -5.0}}"
58989,reply-equip-001,"{'vibration': {'accel_x': 0.0, 'accel_y': 0.0, 'accel_z': 9.81}, 'temperature': {'value_celsius': 0.0}, 'current_voltage': {'current_amps': -5.0}}"
59989,reply-equip-001,"{'vibration': {'accel_x': 0.0, 'accel_y': 0.0, 'accel_z': 9.81}, 'temperature': {'value_celsius': 0.0}, 'current_voltage': {'current_amps': -5.0}}"
60988,reply-equip-001,"{'vibration': {'accel_x': 0.0, 'accel_y': 0.0, 'accel_z': 9.81}, 'temperature': {'value_celsius': 0.0}, 'current_voltage': {'current_amps': -5.0}}"
46788,reply-equip-001,"{'vibration': {'accel_x': 0.0, 'accel_y': 0.0, 'accel_z': 9.81}, 'temperature': {'value_celsius': 0.0}, 'current_voltage': {'current_amps': -5.0}}"
47789,reply-equip-001,"{'vibration': {'accel_x': 0.0, 'accel_y': 0.0, 'accel_z': 9.81}, 'temperature': {'value_celsius': 0.0}, 'current_voltage': {'current_amps': -5.0}}"
48788,reply-equip-001,"{'vibration': {'accel_x': 0.0, 'accel_y': 0.0, 'accel_z': 9.81}, 'temperature': {'value_celsius': 0.0}, 'current_voltage': {'current_amps': -5.0}}"
49989,reply-equip-001,"{'vibration': {'accel_x': 0.0, 'accel_y': 0.0, 'accel_z': 9.81}, 'temperature': {'value_celsius': 0.0}, 'current_voltage': {'current_amps': -5.0}}"
50988,reply-equip-001,"{'vibration': {'accel_x': 0.0, 'accel_y': 0.0, 'accel_z': 9.81}, 'temperature': {'value_celsius': 0.0}, 'current_voltage': {'current_amps': -5.0}}"
51988,reply-equip-001,"{'vibration': {'accel_x': 0.0, 'accel_y': 0.0, 'accel_z': 9.81}, 'temperature': {'value_celsius': 0.0}, 'current_voltage': {'current_amps': -5.0}}"
52989,reply-equip-001,"{'vibration': {'accel_x': 0.0, 'accel_y': 0.0, 'accel_z': 9.81}, 'temperature': {'value_celsius': 0.0}, 'current_voltage': {'current_amps': -5.0}}"
53989,reply-equip-001,"{'vibration': {'accel_x': 0.0, 'accel_y': 0.0, 'accel_z': 9.81}, 'temperature': {'value_celsius': 0.0}, 'current_voltage': {'current_amps': -5.0}}"
54988,reply-equip-001,"{'vibration': {'accel_x': 0.0, 'accel_y': 0.0, 'accel_z': 9.81}, 'temperature': {'value_celsius': 0.0}, 'current_voltage': {'current_amps': -5.0}}"
55988,reply-equip-001,"{'vibration': {'accel_x': 0.0, 'accel_y': 0.0, 'accel_z': 9.81}, 'temperature': {'value_celsius': 0.0}, 'current_voltage': {'current_amps': -5.0}}"
56988,reply-equip-001,"{'vibration': {'accel_x': 0.0, 'accel_y': 0.0, 'accel_z': 9.81}, 'temperature': {'value_celsius': 0.0}, 'current_voltage': {'current_amps': -5.0}}"
57988,reply-equip-001,"{'vibration': {'accel_x': 0.0, 'accel_y': 0.0, 'accel_z': 9.81}, 'temperature': {'value_celsius': 0.0}, 'current_voltage': {'current_amps': -5.0}}"
58989,reply-equip-001,"{'vibration': {'accel_x': 0.0, 'accel_y': 0.0, 'accel_z': 9.81}, 'temperature': {'value_celsius': 0.0}, 'current_voltage': {'current_amps': -5.0}}"
59989,reply-equip-001,"{'vibration': {'accel_x': 0.0, 'accel_y': 0.0, 'accel_z': 9.81}, 'temperature': {'value_celsius': 0.0}, 'current_voltage': {'current_amps': -5.0}}"
60988,reply-equip-001,"{'vibration': {'accel_x': 0.0, 'accel_y': 0.0, 'accel_z': 9.81}, 'temperature': {'value_celsius': 0.0}, 'current_voltage': {'current_amps': -5.0}}"
61988,reply-equip-001,"{'vibration': {'accel_x': 0.0, 'accel_y': 0.0, 'accel_z': 9.81}, 'temperature': {'value_celsius': 0.0}, 'current_voltage': {'current_amps': -5.0}}"
46788,reply-equip-001,"{'vibration': {'accel_x': 0.0, 'accel_y': 0.0, 'accel_z': 9.81}, 'temperature': {'value_celsius': 0.0}, 'current_voltage': {'current_amps': -5.0}}"
47789,reply-equip-001,"{'vibration': {'accel_x': 0.0, 'accel_y': 0.0, 'accel_z': 9.81}, 'temperature': {'value_celsius': 0.0}, 'current_voltage': {'current_amps': -5.0}}"
48788,reply-equip-001,"{'vibration': {'accel_x': 0.0, 'accel_y': 0.0, 'accel_z': 9.81}, 'temperature': {'value_celsius': 0.0}, 'current_voltage': {'current_amps': -5.0}}"
49989,reply-equip-001,"{'vibration': {'accel_x': 0.0, 'accel_y': 0.0, 'accel_z': 9.81}, 'temperature': {'value_celsius': 0.0}, 'current_voltage': {'current_amps': -5.0}}"
50988,reply-equip-001,"{'vibration': {'accel_x': 0.0, 'accel_y': 0.0, 'accel_z': 9.81}, 'temperature': {'value_celsius': 0.0}, 'current_voltage': {'current_amps': -5.0}}"
51988,reply-equip-001,"{'vibration': {'accel_x': 0.0, 'accel_y': 0.0, 'accel_z': 9.81}, 'temperature': {'value_celsius': 0.0}, 'current_voltage': {'current_amps': -5.0}}"
52989,reply-equip-001,"{'vibration': {'accel_x': 0.0, 'accel_y': 0.0, 'accel_z': 9.81}, 'temperature': {'value_celsius': 0.0}, 'current_voltage': {'current_amps': -5.0}}"
53989,reply-equip-001,"{'vibration': {'accel_x': 0.0, 'accel_y': 0.0, 'accel_z': 9.81}, 'temperature': {'value_celsius': 0.0}, 'current_voltage': {'current_amps': -5.0}}"
54988,reply-equip-001,"{'vibration': {'accel_x': 0.0, 'accel_y': 0.0, 'accel_z': 9.81}, 'temperature': {'value_celsius': 0.0}, 'current_voltage': {'current_amps': -5.0}}"
55988,reply-equip-001,"{'vibration': {'accel_x': 0.0, 'accel_y': 0.0, 'accel_z': 9.81}, 'temperature': {'value_celsius': 0.0}, 'current_voltage': {'current_amps': -5.0}}"
56988,reply-equip-001,"{'vibration': {'accel_x': 0.0, 'accel_y': 0.0, 'accel_z': 9.81}, 'temperature': {'value_celsius': 0.0}, 'current_voltage': {'current_amps': -5.0}}"
57988,reply-equip-001,"{'vibration': {'accel_x': 0.0, 'accel_y': 0.0, 'accel_z': 9.81}, 'temperature': {'value_celsius': 0.0}, 'current_voltage': {'current_amps': -5.0}}"
58989,reply-equip-001,"{'vibration': {'accel_x': 0.0, 'accel_y': 0.0, 'accel_z': 9.81}, 'temperature': {'value_celsius': 0.0}, 'current_voltage': {'current_amps': -5.0}}"
59989,reply-equip-001,"{'vibration': {'accel_x': 0.0, 'accel_y': 0.0, 'accel_z': 9.81}, 'temperature': {'value_celsius': 0.0}, 'current_voltage': {'current_amps': -5.0}}"
60988,reply-equip-001,"{'vibration': {'accel_x': 0.0, 'accel_y': 0.0, 'accel_z': 9.81}, 'temperature': {'value_celsius': 0.0}, 'current_voltage': {'current_amps': -5.0}}"
61988,reply-equip-001,"{'vibration': {'accel_x': 0.0, 'accel_y': 0.0, 'accel_z': 9.81}, 'temperature': {'value_celsius': 0.0}, 'current_voltage': {'current_amps': -5.0}}"
62988,reply-equip-001,"{'vibration': {'accel_x': 0.0, 'accel_y': 0.0, 'accel_z': 9.81}, 'temperature': {'value_celsius': 0.0}, 'current_voltage': {'current_amps': -5.0}}"
63988,reply-equip-001,"{'vibration': {'accel_x': 0.0, 'accel_y': 0.0, 'accel_z': 9.81}, 'temperature': {'value_celsius': 0.0}, 'current_voltage': {'current_amps': -5.0}}"
46788,reply-equip-001,"{'vibration': {'accel_x': 0.0, 'accel_y': 0.0, 'accel_z': 9.81}, 'temperature': {'value_celsius': 0.0}, 'current_voltage': {'current_amps': -5.0}}"
47789,reply-equip-001,"{'vibration': {'accel_x': 0.0, 'accel_y': 0.0, 'accel_z': 9.81}, 'temperature': {'value_celsius': 0.0}, 'current_voltage': {'current_amps': -5.0}}"
48788,reply-equip-001,"{'vibration': {'accel_x': 0.0, 'accel_y': 0.0, 'accel_z': 9.81}, 'temperature': {'value_celsius': 0.0}, 'current_voltage': {'current_amps': -5.0}}"
49989,reply-equip-001,"{'vibration': {'accel_x': 0.0, 'accel_y': 0.0, 'accel_z': 9.81}, 'temperature': {'value_celsius': 0.0}, 'current_voltage': {'current_amps': -5.0}}"
50988,reply-equip-001,"{'vibration': {'accel_x': 0.0, 'accel_y': 0.0, 'accel_z': 9.81}, 'temperature': {'value_celsius': 0.0}, 'current_voltage': {'current_amps': -5.0}}"
51988,reply-equip-001,"{'vibration': {'accel_x': 0.0, 'accel_y': 0.0, 'accel_z': 9.81}, 'temperature': {'value_celsius': 0.0}, 'current_voltage': {'current_amps': -5.0}}"
52989,reply-equip-001,"{'vibration': {'accel_x': 0.0, 'accel_y': 0.0, 'accel_z': 9.81}, 'temperature': {'value_celsius': 0.0}, 'current_voltage': {'current_amps': -5.0}}"
53989,reply-equip-001,"{'vibration': {'accel_x': 0.0, 'accel_y': 0.0, 'accel_z': 9.81}, 'temperature': {'value_celsius': 0.0}, 'current_voltage': {'current_amps': -5.0}}"
54988,reply-equip-001,"{'vibration': {'accel_x': 0.0, 'accel_y': 0.0, 'accel_z': 9.81}, 'temperature': {'value_celsius': 0.0}, 'current_voltage': {'current_amps': -5.0}}"
55988,reply-equip-001,"{'vibration': {'accel_x': 0.0, 'accel_y': 0.0, 'accel_z': 9.81}, 'temperature': {'value_celsius': 0.0}, 'current_voltage': {'current_amps': -5.0}}"
56988,reply-equip-001,"{'vibration': {'accel_x': 0.0, 'accel_y': 0.0, 'accel_z': 9.81}, 'temperature': {'value_celsius': 0.0}, 'current_voltage': {'current_amps': -5.0}}"
57988,reply-equip-001,"{'vibration': {'accel_x': 0.0, 'accel_y': 0.0, 'accel_z': 9.81}, 'temperature': {'value_celsius': 0.0}, 'current_voltage': {'current_amps': -5.0}}"
58989,reply-equip-001,"{'vibration': {'accel_x': 0.0, 'accel_y': 0.0, 'accel_z': 9.81}, 'temperature': {'value_celsius': 0.0}, 'current_voltage': {'current_amps': -5.0}}"
59989,reply-equip-001,"{'vibration': {'accel_x': 0.0, 'accel_y': 0.0, 'accel_z': 9.81}, 'temperature': {'value_celsius': 0.0}, 'current_voltage': {'current_amps': -5.0}}"
60988,reply-equip-001,"{'vibration': {'accel_x': 0.0, 'accel_y': 0.0, 'accel_z': 9.81}, 'temperature': {'value_celsius': 0.0}, 'current_voltage': {'current_amps': -5.0}}"
61988,reply-equip-001,"{'vibration': {'accel_x': 0.0, 'accel_y': 0.0, 'accel_z': 9.81}, 'temperature': {'value_celsius': 0.0}, 'current_voltage': {'current_amps': -5.0}}"
62988,reply-equip-001,"{'vibration': {'accel_x': 0.0, 'accel_y': 0.0, 'accel_z': 9.81}, 'temperature': {'value_celsius': 0.0}, 'current_voltage': {'current_amps': -5.0}}"
63988,reply-equip-001,"{'vibration': {'accel_x': 0.0, 'accel_y': 0.0, 'accel_z': 9.81}, 'temperature': {'value_celsius': 0.0}, 'current_voltage': {'current_amps': -5.0}}"
64988,reply-equip-001,"{'vibration': {'accel_x': 0.0, 'accel_y': 0.0, 'accel_z': 9.81}, 'temperature': {'value_celsius': 0.0}, 'current_voltage': {'current_amps': -5.0}}"
46788,reply-equip-001,"{'vibration': {'accel_x': 0.0, 'accel_y': 0.0, 'accel_z': 9.81}, 'temperature': {'value_celsius': 0.0}, 'current_voltage': {'current_amps': -5.0}}"
47789,reply-equip-001,"{'vibration': {'accel_x': 0.0, 'accel_y': 0.0, 'accel_z': 9.81}, 'temperature': {'value_celsius': 0.0}, 'current_voltage': {'current_amps': -5.0}}"
48788,reply-equip-001,"{'vibration': {'accel_x': 0.0, 'accel_y': 0.0, 'accel_z': 9.81}, 'temperature': {'value_celsius': 0.0}, 'current_voltage': {'current_amps': -5.0}}"
49989,reply-equip-001,"{'vibration': {'accel_x': 0.0, 'accel_y': 0.0, 'accel_z': 9.81}, 'temperature': {'value_celsius': 0.0}, 'current_voltage': {'current_amps': -5.0}}"
50988,reply-equip-001,"{'vibration': {'accel_x': 0.0, 'accel_y': 0.0, 'accel_z': 9.81}, 'temperature': {'value_celsius': 0.0}, 'current_voltage': {'current_amps': -5.0}}"
51988,reply-equip-001,"{'vibration': {'accel_x': 0.0, 'accel_y': 0.0, 'accel_z': 9.81}, 'temperature': {'value_celsius': 0.0}, 'current_voltage': {'current_amps': -5.0}}"
52989,reply-equip-001,"{'vibration': {'accel_x': 0.0, 'accel_y': 0.0, 'accel_z': 9.81}, 'temperature': {'value_celsius': 0.0}, 'current_voltage': {'current_amps': -5.0}}"
53989,reply-equip-001,"{'vibration': {'accel_x': 0.0, 'accel_y': 0.0, 'accel_z': 9.81}, 'temperature': {'value_celsius': 0.0}, 'current_voltage': {'current_amps': -5.0}}"
54988,reply-equip-001,"{'vibration': {'accel_x': 0.0, 'accel_y': 0.0, 'accel_z': 9.81}, 'temperature': {'value_celsius': 0.0}, 'current_voltage': {'current_amps': -5.0}}"
55988,reply-equip-001,"{'vibration': {'accel_x': 0.0, 'accel_y': 0.0, 'accel_z': 9.81}, 'temperature': {'value_celsius': 0.0}, 'current_voltage': {'current_amps': -5.0}}"
56988,reply-equip-001,"{'vibration': {'accel_x': 0.0, 'accel_y': 0.0, 'accel_z': 9.81}, 'temperature': {'value_celsius': 0.0}, 'current_voltage': {'current_amps': -5.0}}"
57988,reply-equip-001,"{'vibration': {'accel_x': 0.0, 'accel_y': 0.0, 'accel_z': 9.81}, 'temperature': {'value_celsius': 0.0}, 'current_voltage': {'current_amps': -5.0}}"
58989,reply-equip-001,"{'vibration': {'accel_x': 0.0, 'accel_y': 0.0, 'accel_z': 9.81}, 'temperature': {'value_celsius': 0.0}, 'current_voltage': {'current_amps': -5.0}}"
59989,reply-equip-001,"{'vibration': {'accel_x': 0.0, 'accel_y': 0.0, 'accel_z': 9.81}, 'temperature': {'value_celsius': 0.0}, 'current_voltage': {'current_amps': -5.0}}"
60988,reply-equip-001,"{'vibration': {'accel_x': 0.0, 'accel_y': 0.0, 'accel_z': 9.81}, 'temperature': {'value_celsius': 0.0}, 'current_voltage': {'current_amps': -5.0}}"
61988,reply-equip-001,"{'vibration': {'accel_x': 0.0, 'accel_y': 0.0, 'accel_z': 9.81}, 'temperature': {'value_celsius': 0.0}, 'current_voltage': {'current_amps': -5.0}}"
62988,reply-equip-001,"{'vibration': {'accel_x': 0.0, 'accel_y': 0.0, 'accel_z': 9.81}, 'temperature': {'value_celsius': 0.0}, 'current_voltage': {'current_amps': -5.0}}"
63988,reply-equip-001,"{'vibration': {'accel_x': 0.0, 'accel_y': 0.0, 'accel_z': 9.81}, 'temperature': {'value_celsius': 0.0}, 'current_voltage': {'current_amps': -5.0}}"
64988,reply-equip-001,"{'vibration': {'accel_x': 0.0, 'accel_y': 0.0, 'accel_z': 9.81}, 'temperature': {'value_celsius': 0.0}, 'current_voltage': {'current_amps': -5.0}}"
65989,reply-equip-001,"{'vibration': {'accel_x': 0.0, 'accel_y': 0.0, 'accel_z': 9.81}, 'temperature': {'value_celsius': 0.0}, 'current_voltage': {'current_amps': -5.0}}"
46788,reply-equip-001,"{'vibration': {'accel_x': 0.0, 'accel_y': 0.0, 'accel_z': 9.81}, 'temperature': {'value_celsius': 0.0}, 'current_voltage': {'current_amps': -5.0}}"
47789,reply-equip-001,"{'vibration': {'accel_x': 0.0, 'accel_y': 0.0, 'accel_z': 9.81}, 'temperature': {'value_celsius': 0.0}, 'current_voltage': {'current_amps': -5.0}}"
48788,reply-equip-001,"{'vibration': {'accel_x': 0.0, 'accel_y': 0.0, 'accel_z': 9.81}, 'temperature': {'value_celsius': 0.0}, 'current_voltage': {'current_amps': -5.0}}"
49989,reply-equip-001,"{'vibration': {'accel_x': 0.0, 'accel_y': 0.0, 'accel_z': 9.81}, 'temperature': {'value_celsius': 0.0}, 'current_voltage': {'current_amps': -5.0}}"
50988,reply-equip-001,"{'vibration': {'accel_x': 0.0, 'accel_y': 0.0, 'accel_z': 9.81}, 'temperature': {'value_celsius': 0.0}, 'current_voltage': {'current_amps': -5.0}}"
51988,reply-equip-001,"{'vibration': {'accel_x': 0.0, 'accel_y': 0.0, 'accel_z': 9.81}, 'temperature': {'value_celsius': 0.0}, 'current_voltage': {'current_amps': -5.0}}"
52989,reply-equip-001,"{'vibration': {'accel_x': 0.0, 'accel_y': 0.0, 'accel_z': 9.81}, 'temperature': {'value_celsius': 0.0}, 'current_voltage': {'current_amps': -5.0}}"
53989,reply-equip-001,"{'vibration': {'accel_x': 0.0, 'accel_y': 0.0, 'accel_z': 9.81}, 'temperature': {'value_celsius': 0.0}, 'current_voltage': {'current_amps': -5.0}}"
54988,reply-equip-001,"{'vibration': {'accel_x': 0.0, 'accel_y': 0.0, 'accel_z': 9.81}, 'temperature': {'value_celsius': 0.0}, 'current_voltage': {'current_amps': -5.0}}"
55988,reply-equip-001,"{'vibration': {'accel_x': 0.0, 'accel_y': 0.0, 'accel_z': 9.81}, 'temperature': {'value_celsius': 0.0}, 'current_voltage': {'current_amps': -5.0}}"
56988,reply-equip-001,"{'vibration': {'accel_x': 0.0, 'accel_y': 0.0, 'accel_z': 9.81}, 'temperature': {'value_celsius': 0.0}, 'current_voltage': {'current_amps': -5.0}}"
57988,reply-equip-001,"{'vibration': {'accel_x': 0.0, 'accel_y': 0.0, 'accel_z': 9.81}, 'temperature': {'value_celsius': 0.0}, 'current_voltage': {'current_amps': -5.0}}"
58989,reply-equip-001,"{'vibration': {'accel_x': 0.0, 'accel_y': 0.0, 'accel_z': 9.81}, 'temperature': {'value_celsius': 0.0}, 'current_voltage': {'current_amps': -5.0}}"
59989,reply-equip-001,"{'vibration': {'accel_x': 0.0, 'accel_y': 0.0, 'accel_z': 9.81}, 'temperature': {'value_celsius': 0.0}, 'current_voltage': {'current_amps': -5.0}}"
60988,reply-equip-001,"{'vibration': {'accel_x': 0.0, 'accel_y': 0.0, 'accel_z': 9.81}, 'temperature': {'value_celsius': 0.0}, 'current_voltage': {'current_amps': -5.0}}"
61988,reply-equip-001,"{'vibration': {'accel_x': 0.0, 'accel_y': 0.0, 'accel_z': 9.81}, 'temperature': {'value_celsius': 0.0}, 'current_voltage': {'current_amps': -5.0}}"
62988,reply-equip-001,"{'vibration': {'accel_x': 0.0, 'accel_y': 0.0, 'accel_z': 9.81}, 'temperature': {'value_celsius': 0.0}, 'current_voltage': {'current_amps': -5.0}}"
63988,reply-equip-001,"{'vibration': {'accel_x': 0.0, 'accel_y': 0.0, 'accel_z': 9.81}, 'temperature': {'value_celsius': 0.0}, 'current_voltage': {'current_amps': -5.0}}"
64988,reply-equip-001,"{'vibration': {'accel_x': 0.0, 'accel_y': 0.0, 'accel_z': 9.81}, 'temperature': {'value_celsius': 0.0}, 'current_voltage': {'current_amps': -5.0}}"
65989,reply-equip-001,"{'vibration': {'accel_x': 0.0, 'accel_y': 0.0, 'accel_z': 9.81}, 'temperature': {'value_celsius': 0.0}, 'current_voltage': {'current_amps': -5.0}}"
66988,reply-equip-001,"{'vibration': {'accel_x': 0.0, 'accel_y': 0.0, 'accel_z': 9.81}, 'temperature': {'value_celsius': 0.0}, 'current_voltage': {'current_amps': -5.0}}"
46788,reply-equip-001,"{'vibration': {'accel_x': 0.0, 'accel_y': 0.0, 'accel_z': 9.81}, 'temperature': {'value_celsius': 0.0}, 'current_voltage': {'current_amps': -5.0}}"
47789,reply-equip-001,"{'vibration': {'accel_x': 0.0, 'accel_y': 0.0, 'accel_z': 9.81}, 'temperature': {'value_celsius': 0.0}, 'current_voltage': {'current_amps': -5.0}}"
48788,reply-equip-001,"{'vibration': {'accel_x': 0.0, 'accel_y': 0.0, 'accel_z': 9.81}, 'temperature': {'value_celsius': 0.0}, 'current_voltage': {'current_amps': -5.0}}"
49989,reply-equip-001,"{'vibration': {'accel_x': 0.0, 'accel_y': 0.0, 'accel_z': 9.81}, 'temperature': {'value_celsius': 0.0}, 'current_voltage': {'current_amps': -5.0}}"
50988,reply-equip-001,"{'vibration': {'accel_x': 0.0, 'accel_y': 0.0, 'accel_z': 9.81}, 'temperature': {'value_celsius': 0.0}, 'current_voltage': {'current_amps': -5.0}}"
51988,reply-equip-001,"{'vibration': {'accel_x': 0.0, 'accel_y': 0.0, 'accel_z': 9.81}, 'temperature': {'value_celsius': 0.0}, 'current_voltage': {'current_amps': -5.0}}"
52989,reply-equip-001,"{'vibration': {'accel_x': 0.0, 'accel_y': 0.0, 'accel_z': 9.81}, 'temperature': {'value_celsius': 0.0}, 'current_voltage': {'current_amps': -5.0}}"
53989,reply-equip-001,"{'vibration': {'accel_x': 0.0, 'accel_y': 0.0, 'accel_z': 9.81}, 'temperature': {'value_celsius': 0.0}, 'current_voltage': {'current_amps': -5.0}}"
54988,reply-equip-001,"{'vibration': {'accel_x': 0.0, 'accel_y': 0.0, 'accel_z': 9.81}, 'temperature': {'value_celsius': 0.0}, 'current_voltage': {'current_amps': -5.0}}"
55988,reply-equip-001,"{'vibration': {'accel_x': 0.0, 'accel_y': 0.0, 'accel_z': 9.81}, 'temperature': {'value_celsius': 0.0}, 'current_voltage': {'current_amps': -5.0}}"
56988,reply-equip-001,"{'vibration': {'accel_x': 0.0, 'accel_y': 0.0, 'accel_z': 9.81}, 'temperature': {'value_celsius': 0.0}, 'current_voltage': {'current_amps': -5.0}}"
57988,reply-equip-001,"{'vibration': {'accel_x': 0.0, 'accel_y': 0.0, 'accel_z': 9.81}, 'temperature': {'value_celsius': 0.0}, 'current_voltage': {'current_amps': -5.0}}"
58989,reply-equip-001,"{'vibration': {'accel_x': 0.0, 'accel_y': 0.0, 'accel_z': 9.81}, 'temperature': {'value_celsius': 0.0}, 'current_voltage': {'current_amps': -5.0}}"
59989,reply-equip-001,"{'vibration': {'accel_x': 0.0, 'accel_y': 0.0, 'accel_z': 9.81}, 'temperature': {'value_celsius': 0.0}, 'current_voltage': {'current_amps': -5.0}}"
60988,reply-equip-001,"{'vibration': {'accel_x': 0.0, 'accel_y': 0.0, 'accel_z': 9.81}, 'temperature': {'value_celsius': 0.0}, 'current_voltage': {'current_amps': -5.0}}"
61988,reply-equip-001,"{'vibration': {'accel_x': 0.0, 'accel_y': 0.0, 'accel_z': 9.81}, 'temperature': {'value_celsius': 0.0}, 'current_voltage': {'current_amps': -5.0}}"
62988,reply-equip-001,"{'vibration': {'accel_x': 0.0, 'accel_y': 0.0, 'accel_z': 9.81}, 'temperature': {'value_celsius': 0.0}, 'current_voltage': {'current_amps': -5.0}}"
63988,reply-equip-001,"{'vibration': {'accel_x': 0.0, 'accel_y': 0.0, 'accel_z': 9.81}, 'temperature': {'value_celsius': 0.0}, 'current_voltage': {'current_amps': -5.0}}"
64988,reply-equip-001,"{'vibration': {'accel_x': 0.0, 'accel_y': 0.0, 'accel_z': 9.81}, 'temperature': {'value_celsius': 0.0}, 'current_voltage': {'current_amps': -5.0}}"
65989,reply-equip-001,"{'vibration': {'accel_x': 0.0, 'accel_y': 0.0, 'accel_z': 9.81}, 'temperature': {'value_celsius': 0.0}, 'current_voltage': {'current_amps': -5.0}}"
66988,reply-equip-001,"{'vibration': {'accel_x': 0.0, 'accel_y': 0.0, 'accel_z': 9.81}, 'temperature': {'value_celsius': 0.0}, 'current_voltage': {'current_amps': -5.0}}"
67988,reply-equip-001,"{'vibration': {'accel_x': 0.0, 'accel_y': 0.0, 'accel_z': 9.81}, 'temperature': {'value_celsius': 0.0}, 'current_voltage': {'current_amps': -5.0}}"
68988,reply-equip-001,"{'vibration': {'accel_x': 0.0, 'accel_y': 0.0, 'accel_z': 9.81}, 'temperature': {'value_celsius': 0.0}, 'current_voltage': {'current_amps': -5.0}}"
46788,reply-equip-001,"{'vibration': {'accel_x': 0.0, 'accel_y': 0.0, 'accel_z': 9.81}, 'temperature': {'value_celsius': 0.0}, 'current_voltage': {'current_amps': -5.0}}"
47789,reply-equip-001,"{'vibration': {'accel_x': 0.0, 'accel_y': 0.0, 'accel_z': 9.81}, 'temperature': {'value_celsius': 0.0}, 'current_voltage': {'current_amps': -5.0}}"
48788,reply-equip-001,"{'vibration': {'accel_x': 0.0, 'accel_y': 0.0, 'accel_z': 9.81}, 'temperature': {'value_celsius': 0.0}, 'current_voltage': {'current_amps': -5.0}}"
49989,reply-equip-001,"{'vibration': {'accel_x': 0.0, 'accel_y': 0.0, 'accel_z': 9.81}, 'temperature': {'value_celsius': 0.0}, 'current_voltage': {'current_amps': -5.0}}"
50988,reply-equip-001,"{'vibration': {'accel_x': 0.0, 'accel_y': 0.0, 'accel_z': 9.81}, 'temperature': {'value_celsius': 0.0}, 'current_voltage': {'current_amps': -5.0}}"
51988,reply-equip-001,"{'vibration': {'accel_x': 0.0, 'accel_y': 0.0, 'accel_z': 9.81}, 'temperature': {'value_celsius': 0.0}, 'current_voltage': {'current_amps': -5.0}}"
52989,reply-equip-001,"{'vibration': {'accel_x': 0.0, 'accel_y': 0.0, 'accel_z': 9.81}, 'temperature': {'value_celsius': 0.0}, 'current_voltage': {'current_amps': -5.0}}"
53989,reply-equip-001,"{'vibration': {'accel_x': 0.0, 'accel_y': 0.0, 'accel_z': 9.81}, 'temperature': {'value_celsius': 0.0}, 'current_voltage': {'current_amps': -5.0}}"
54988,reply-equip-001,"{'vibration': {'accel_x': 0.0, 'accel_y': 0.0, 'accel_z': 9.81}, 'temperature': {'value_celsius': 0.0}, 'current_voltage': {'current_amps': -5.0}}"
55988,reply-equip-001,"{'vibration': {'accel_x': 0.0, 'accel_y': 0.0, 'accel_z': 9.81}, 'temperature': {'value_celsius': 0.0}, 'current_voltage': {'current_amps': -5.0}}"
56988,reply-equip-001,"{'vibration': {'accel_x': 0.0, 'accel_y': 0.0, 'accel_z': 9.81}, 'temperature': {'value_celsius': 0.0}, 'current_voltage': {'current_amps': -5.0}}"
57988,reply-equip-001,"{'vibration': {'accel_x': 0.0, 'accel_y': 0.0, 'accel_z': 9.81}, 'temperature': {'value_celsius': 0.0}, 'current_voltage': {'current_amps': -5.0}}"
58989,reply-equip-001,"{'vibration': {'accel_x': 0.0, 'accel_y': 0.0, 'accel_z': 9.81}, 'temperature': {'value_celsius': 0.0}, 'current_voltage': {'current_amps': -5.0}}"
59989,reply-equip-001,"{'vibration': {'accel_x': 0.0, 'accel_y': 0.0, 'accel_z': 9.81}, 'temperature': {'value_celsius': 0.0}, 'current_voltage': {'current_amps': -5.0}}"
60988,reply-equip-001,"{'vibration': {'accel_x': 0.0, 'accel_y': 0.0, 'accel_z': 9.81}, 'temperature': {'value_celsius': 0.0}, 'current_voltage': {'current_amps': -5.0}}"
61988,reply-equip-001,"{'vibration': {'accel_x': 0.0, 'accel_y': 0.0, 'accel_z': 9.81}, 'temperature': {'value_celsius': 0.0}, 'current_voltage': {'current_amps': -5.0}}"
62988,reply-equip-001,"{'vibration': {'accel_x': 0.0, 'accel_y': 0.0, 'accel_z': 9.81}, 'temperature': {'value_celsius': 0.0}, 'current_voltage': {'current_amps': -5.0}}"
63988,reply-equip-001,"{'vibration': {'accel_x': 0.0, 'accel_y': 0.0, 'accel_z': 9.81}, 'temperature': {'value_celsius': 0.0}, 'current_voltage': {'current_amps': -5.0}}"
64988,reply-equip-001,"{'vibration': {'accel_x': 0.0, 'accel_y': 0.0, 'accel_z': 9.81}, 'temperature': {'value_celsius': 0.0}, 'current_voltage': {'current_amps': -5.0}}"
65989,reply-equip-001,"{'vibration': {'accel_x': 0.0, 'accel_y': 0.0, 'accel_z': 9.81}, 'temperature': {'value_celsius': 0.0}, 'current_voltage': {'current_amps': -5.0}}"
66988,reply-equip-001,"{'vibration': {'accel_x': 0.0, 'accel_y': 0.0, 'accel_z': 9.81}, 'temperature': {'value_celsius': 0.0}, 'current_voltage': {'current_amps': -5.0}}"
67988,reply-equip-001,"{'vibration': {'accel_x': 0.0, 'accel_y': 0.0, 'accel_z': 9.81}, 'temperature': {'value_celsius': 0.0}, 'current_voltage': {'current_amps': -5.0}}"
68988,reply-equip-001,"{'vibration': {'accel_x': 0.0, 'accel_y': 0.0, 'accel_z': 9.81}, 'temperature': {'value_celsius': 0.0}, 'current_voltage': {'current_amps': -5.0}}"
69988,reply-equip-001,"{'vibration': {'accel_x': 0.0, 'accel_y': 0.0, 'accel_z': 9.81}, 'temperature': {'value_celsius': 0.0}, 'current_voltage': {'current_amps': -5.0}}"
19204,reply-equip-001,"{'vibration': {'accel_x': 0.0, 'accel_y': 0.0, 'accel_z': 9.81}, 'temperature': {'value_celsius': 0.0}, 'current_voltage': {'current_amps': -5.0}}"
19204,reply-equip-001,"{'vibration': {'accel_x': 0.0, 'accel_y': 0.0, 'accel_z': 9.81}, 'temperature': {'value_celsius': 0.0}, 'current_voltage': {'current_amps': -5.0}}"
20204,reply-equip-001,"{'vibration': {'accel_x': 0.0, 'accel_y': 0.0, 'accel_z': 9.81}, 'temperature': {'value_celsius': 0.0}, 'current_voltage': {'current_amps': -5.0}}"
19204,reply-equip-001,"{'vibration': {'accel_x': 0.0, 'accel_y': 0.0, 'accel_z': 9.81}, 'temperature': {'value_celsius': 0.0}, 'current_voltage': {'current_amps': -5.0}}"
20204,reply-equip-001,"{'vibration': {'accel_x': 0.0, 'accel_y': 0.0, 'accel_z': 9.81}, 'temperature': {'value_celsius': 0.0}, 'current_voltage': {'current_amps': -5.0}}"
21204,reply-equip-001,"{'vibration': {'accel_x': 0.0, 'accel_y': 0.0, 'accel_z': 9.81}, 'temperature': {'value_celsius': 0.0}, 'current_voltage': {'current_amps': -5.0}}"
19204,reply-equip-001,"{'vibration': {'accel_x': 0.0, 'accel_y': 0.0, 'accel_z': 9.81}, 'temperature': {'value_celsius': 0.0}, 'current_voltage': {'current_amps': -5.0}}"
20204,reply-equip-001,"{'vibration': {'accel_x': 0.0, 'accel_y': 0.0, 'accel_z': 9.81}, 'temperature': {'value_celsius': 0.0}, 'current_voltage': {'current_amps': -5.0}}"
21204,reply-equip-001,"{'vibration': {'accel_x': 0.0, 'accel_y': 0.0, 'accel_z': 9.81}, 'temperature': {'value_celsius': 0.0}, 'current_voltage': {'current_amps': -5.0}}"
22204,reply-equip-001,"{'vibration': {'accel_x': 0.0, 'accel_y': 0.0, 'accel_z': 9.81}, 'temperature': {'value_celsius': 0.0}, 'current_voltage': {'current_amps': -5.0}}"
19204,reply-equip-001,"{'vibration': {'accel_x': 0.0, 'accel_y': 0.0, 'accel_z': 9.81}, 'temperature': {'value_celsius': 0.0}, 'current_voltage': {'current_amps': -5.0}}"
20204,reply-equip-001,"{'vibration': {'accel_x': 0.0, 'accel_y': 0.0, 'accel_z': 9.81}, 'temperature': {'value_celsius': 0.0}, 'current_voltage': {'current_amps': -5.0}}"
21204,reply-equip-001,"{'vibration': {'accel_x': 0.0, 'accel_y': 0.0, 'accel_z': 9.81}, 'temperature': {'value_celsius': 0.0}, 'current_voltage': {'current_amps': -5.0}}"
22204,reply-equip-001,"{'vibration': {'accel_x': 0.0, 'accel_y': 0.0, 'accel_z': 9.81}, 'temperature': {'value_celsius': 0.0}, 'current_voltage': {'current_amps': -5.0}}"
23204,reply-equip-001,"{'vibration': {'accel_x': 0.0, 'accel_y': 0.0, 'accel_z': 9.81}, 'temperature': {'value_celsius': 0.0}, 'current_voltage': {'current_amps': -5.0}}"
19204,reply-equip-001,"{'vibration': {'accel_x': 0.0, 'accel_y': 0.0, 'accel_z': 9.81}, 'temperature': {'value_celsius': 0.0}, 'current_voltage': {'current_amps': -5.0}}"
20204,reply-equip-001,"{'vibration': {'accel_x': 0.0, 'accel_y': 0.0, 'accel_z': 9.81}, 'temperature': {'value_celsius': 0.0}, 'current_voltage': {'current_amps': -5.0}}"
21204,reply-equip-001,"{'vibration': {'accel_x': 0.0, 'accel_y': 0.0, 'accel_z': 9.81}, 'temperature': {'value_celsius': 0.0}, 'current_voltage': {'current_amps': -5.0}}"
22204,reply-equip-001,"{'vibration': {'accel_x': 0.0, 'accel_y': 0.0, 'accel_z': 9.81}, 'temperature': {'value_celsius': 0.0}, 'current_voltage': {'current_amps': -5.0}}"
23204,reply-equip-001,"{'vibration': {'accel_x': 0.0, 'accel_y': 0.0, 'accel_z': 9.81}, 'temperature': {'value_celsius': 0.0}, 'current_voltage': {'current_amps': -5.0}}"
24205,reply-equip-001,"{'vibration': {'accel_x': 0.0, 'accel_y': 0.0, 'accel_z': 9.81}, 'temperature': {'value_celsius': 0.0}, 'current_voltage': {'current_amps': 0.55}}"
19204,reply-equip-001,"{'vibration': {'accel_x': 0.0, 'accel_y': 0.0, 'accel_z': 9.81}, 'temperature': {'value_celsius': 0.0}, 'current_voltage': {'current_amps': -5.0}}"
20204,reply-equip-001,"{'vibration': {'accel_x': 0.0, 'accel_y': 0.0, 'accel_z': 9.81}, 'temperature': {'value_celsius': 0.0}, 'current_voltage': {'current_amps': -5.0}}"
21204,reply-equip-001,"{'vibration': {'accel_x': 0.0, 'accel_y': 0.0, 'accel_z': 9.81}, 'temperature': {'value_celsius': 0.0}, 'current_voltage': {'current_amps': -5.0}}"
22204,reply-equip-001,"{'vibration': {'accel_x': 0.0, 'accel_y': 0.0, 'accel_z': 9.81}, 'temperature': {'value_celsius': 0.0}, 'current_voltage': {'current_amps': -5.0}}"
23204,reply-equip-001,"{'vibration': {'accel_x': 0.0, 'accel_y': 0.0, 'accel_z': 9.81}, 'temperature': {'value_celsius': 0.0}, 'current_voltage': {'current_amps': -5.0}}"
24205,reply-equip-001,"{'vibration': {'accel_x': 0.0, 'accel_y': 0.0, 'accel_z': 9.81}, 'temperature': {'value_celsius': 0.0}, 'current_voltage': {'current_amps': 0.55}}"
25204,reply-equip-001,"{'vibration': {'accel_x': 0.0, 'accel_y': 0.0, 'accel_z': 9.81}, 'temperature': {'value_celsius': 0.0}, 'current_voltage': {'current_amps': 0.55}}"
26205,reply-equip-001,"{'vibration': {'accel_x': 0.0, 'accel_y': 0.0, 'accel_z': 9.81}, 'temperature': {'value_celsius': 0.0}, 'current_voltage': {'current_amps': 0.55}}"
19204,reply-equip-001,"{'vibration': {'accel_x': 0.0, 'accel_y': 0.0, 'accel_z': 9.81}, 'temperature': {'value_celsius': 0.0}, 'current_voltage': {'current_amps': -5.0}}"
20204,reply-equip-001,"{'vibration': {'accel_x': 0.0, 'accel_y': 0.0, 'accel_z': 9.81}, 'temperature': {'value_celsius': 0.0}, 'current_voltage': {'current_amps': -5.0}}"
21204,reply-equip-001,"{'vibration': {'accel_x': 0.0, 'accel_y': 0.0, 'accel_z': 9.81}, 'temperature': {'value_celsius': 0.0}, 'current_voltage': {'current_amps': -5.0}}"
22204,reply-equip-001,"{'vibration': {'accel_x': 0.0, 'accel_y': 0.0, 'accel_z': 9.81}, 'temperature': {'value_celsius': 0.0}, 'current_voltage': {'current_amps': -5.0}}"
23204,reply-equip-001,"{'vibration': {'accel_x': 0.0, 'accel_y': 0.0, 'accel_z': 9.81}, 'temperature': {'value_celsius': 0.0}, 'current_voltage': {'current_amps': -5.0}}"
24205,reply-equip-001,"{'vibration': {'accel_x': 0.0, 'accel_y': 0.0, 'accel_z': 9.81}, 'temperature': {'value_celsius': 0.0}, 'current_voltage': {'current_amps': 0.55}}"
25204,reply-equip-001,"{'vibration': {'accel_x': 0.0, 'accel_y': 0.0, 'accel_z': 9.81}, 'temperature': {'value_celsius': 0.0}, 'current_voltage': {'current_amps': 0.55}}"
26205,reply-equip-001,"{'vibration': {'accel_x': 0.0, 'accel_y': 0.0, 'accel_z': 9.81}, 'temperature': {'value_celsius': 0.0}, 'current_voltage': {'current_amps': 0.55}}"
27204,reply-equip-001,"{'vibration': {'accel_x': 0.0, 'accel_y': 0.0, 'accel_z': 9.81}, 'temperature': {'value_celsius': 0.0}, 'current_voltage': {'current_amps': 5.0}}"
28205,reply-equip-001,"{'vibration': {'accel_x': 0.0, 'accel_y': 0.0, 'accel_z': 9.81}, 'temperature': {'value_celsius': 0.0}, 'current_voltage': {'current_amps': 5.0}}"
19204,reply-equip-001,"{'vibration': {'accel_x': 0.0, 'accel_y': 0.0, 'accel_z': 9.81}, 'temperature': {'value_celsius': 0.0}, 'current_voltage': {'current_amps': -5.0}}"
20204,reply-equip-001,"{'vibration': {'accel_x': 0.0, 'accel_y': 0.0, 'accel_z': 9.81}, 'temperature': {'value_celsius': 0.0}, 'current_voltage': {'current_amps': -5.0}}"
21204,reply-equip-001,"{'vibration': {'accel_x': 0.0, 'accel_y': 0.0, 'accel_z': 9.81}, 'temperature': {'value_celsius': 0.0}, 'current_voltage': {'current_amps': -5.0}}"
22204,reply-equip-001,"{'vibration': {'accel_x': 0.0, 'accel_y': 0.0, 'accel_z': 9.81}, 'temperature': {'value_celsius': 0.0}, 'current_voltage': {'current_amps': -5.0}}"
23204,reply-equip-001,"{'vibration': {'accel_x': 0.0, 'accel_y': 0.0, 'accel_z': 9.81}, 'temperature': {'value_celsius': 0.0}, 'current_voltage': {'current_amps': -5.0}}"
24205,reply-equip-001,"{'vibration': {'accel_x': 0.0, 'accel_y': 0.0, 'accel_z': 9.81}, 'temperature': {'value_celsius': 0.0}, 'current_voltage': {'current_amps': 0.55}}"
25204,reply-equip-001,"{'vibration': {'accel_x': 0.0, 'accel_y': 0.0, 'accel_z': 9.81}, 'temperature': {'value_celsius': 0.0}, 'current_voltage': {'current_amps': 0.55}}"
26205,reply-equip-001,"{'vibration': {'accel_x': 0.0, 'accel_y': 0.0, 'accel_z': 9.81}, 'temperature': {'value_celsius': 0.0}, 'current_voltage': {'current_amps': 0.55}}"
27204,reply-equip-001,"{'vibration': {'accel_x': 0.0, 'accel_y': 0.0, 'accel_z': 9.81}, 'temperature': {'value_celsius': 0.0}, 'current_voltage': {'current_amps': 5.0}}"
28205,reply-equip-001,"{'vibration': {'accel_x': 0.0, 'accel_y': 0.0, 'accel_z': 9.81}, 'temperature': {'value_celsius': 0.0}, 'current_voltage': {'current_amps': 5.0}}"
29204,reply-equip-001,"{'vibration': {'accel_x': 0.0, 'accel_y': 0.0, 'accel_z': 9.81}, 'temperature': {'value_celsius': 0.0}, 'current_voltage': {'current_amps': 5.0}}"
19204,reply-equip-001,"{'vibration': {'accel_x': 0.0, 'accel_y': 0.0, 'accel_z': 9.81}, 'temperature': {'value_celsius': 0.0}, 'current_voltage': {'current_amps': -5.0}}"
20204,reply-equip-001,"{'vibration': {'accel_x': 0.0, 'accel_y': 0.0, 'accel_z': 9.81}, 'temperature': {'value_celsius': 0.0}, 'current_voltage': {'current_amps': -5.0}}"
21204,reply-equip-001,"{'vibration': {'accel_x': 0.0, 'accel_y': 0.0, 'accel_z': 9.81}, 'temperature': {'value_celsius': 0.0}, 'current_voltage': {'current_amps': -5.0}}"
22204,reply-equip-001,"{'vibration': {'accel_x': 0.0, 'accel_y': 0.0, 'accel_z': 9.81}, 'temperature': {'value_celsius': 0.0}, 'current_voltage': {'current_amps': -5.0}}"
23204,reply-equip-001,"{'vibration': {'accel_x': 0.0, 'accel_y': 0.0, 'accel_z': 9.81}, 'temperature': {'value_celsius': 0.0}, 'current_voltage': {'current_amps': -5.0}}"
24205,reply-equip-001,"{'vibration': {'accel_x': 0.0, 'accel_y': 0.0, 'accel_z': 9.81}, 'temperature': {'value_celsius': 0.0}, 'current_voltage': {'current_amps': 0.55}}"
25204,reply-equip-001,"{'vibration': {'accel_x': 0.0, 'accel_y': 0.0, 'accel_z': 9.81}, 'temperature': {'value_celsius': 0.0}, 'current_voltage': {'current_amps': 0.55}}"
26205,reply-equip-001,"{'vibration': {'accel_x': 0.0, 'accel_y': 0.0, 'accel_z': 9.81}, 'temperature': {'value_celsius': 0.0}, 'current_voltage': {'current_amps': 0.55}}"
27204,reply-equip-001,"{'vibration': {'accel_x': 0.0, 'accel_y': 0.0, 'accel_z': 9.81}, 'temperature': {'value_celsius': 0.0}, 'current_voltage': {'current_amps': 5.0}}"
28205,reply-equip-001,"{'vibration': {'accel_x': 0.0, 'accel_y': 0.0, 'accel_z': 9.81}, 'temperature': {'value_celsius': 0.0}, 'current_voltage': {'current_amps': 5.0}}"
29204,reply-equip-001,"{'vibration': {'accel_x': 0.0, 'accel_y': 0.0, 'accel_z': 9.81}, 'temperature': {'value_celsius': 0.0}, 'current_voltage': {'current_amps': 5.0}}"
30204,reply-equip-001,"{'vibration': {'accel_x': 0.0, 'accel_y': 0.0, 'accel_z': 9.81}, 'temperature': {'value_celsius': 0.0}, 'current_voltage': {'current_amps': 5.0}}"
31205,reply-equip-001,"{'vibration': {'accel_x': 0.0, 'accel_y': 0.0, 'accel_z': 9.81}, 'temperature': {'value_celsius': 0.0}, 'current_voltage': {'current_amps': 5.0}}"
19204,reply-equip-001,"{'vibration': {'accel_x': 0.0, 'accel_y': 0.0, 'accel_z': 9.81}, 'temperature': {'value_celsius': 0.0}, 'current_voltage': {'current_amps': -5.0}}"
20204,reply-equip-001,"{'vibration': {'accel_x': 0.0, 'accel_y': 0.0, 'accel_z': 9.81}, 'temperature': {'value_celsius': 0.0}, 'current_voltage': {'current_amps': -5.0}}"
21204,reply-equip-001,"{'vibration': {'accel_x': 0.0, 'accel_y': 0.0, 'accel_z': 9.81}, 'temperature': {'value_celsius': 0.0}, 'current_voltage': {'current_amps': -5.0}}"
22204,reply-equip-001,"{'vibration': {'accel_x': 0.0, 'accel_y': 0.0, 'accel_z': 9.81}, 'temperature': {'value_celsius': 0.0}, 'current_voltage': {'current_amps': -5.0}}"
23204,reply-equip-001,"{'vibration': {'accel_x': 0.0, 'accel_y': 0.0, 'accel_z': 9.81}, 'temperature': {'value_celsius': 0.0}, 'current_voltage': {'current_amps': -5.0}}"
24205,reply-equip-001,"{'vibration': {'accel_x': 0.0, 'accel_y': 0.0, 'accel_z': 9.81}, 'temperature': {'value_celsius': 0.0}, 'current_voltage': {'current_amps': 0.55}}"
25204,reply-equip-001,"{'vibration': {'accel_x': 0.0, 'accel_y': 0.0, 'accel_z': 9.81}, 'temperature': {'value_celsius': 0.0}, 'current_voltage': {'current_amps': 0.55}}"
26205,reply-equip-001,"{'vibration': {'accel_x': 0.0, 'accel_y': 0.0, 'accel_z': 9.81}, 'temperature': {'value_celsius': 0.0}, 'current_voltage': {'current_amps': 0.55}}"
27204,reply-equip-001,"{'vibration': {'accel_x': 0.0, 'accel_y': 0.0, 'accel_z': 9.81}, 'temperature': {'value_celsius': 0.0}, 'current_voltage': {'current_amps': 5.0}}"
28205,reply-equip-001,"{'vibration': {'accel_x': 0.0, 'accel_y': 0.0, 'accel_z': 9.81}, 'temperature': {'value_celsius': 0.0}, 'current_voltage': {'current_amps': 5.0}}"
29204,reply-equip-001,"{'vibration': {'accel_x': 0.0, 'accel_y': 0.0, 'accel_z': 9.81}, 'temperature': {'value_celsius': 0.0}, 'current_voltage': {'current_amps': 5.0}}"
30204,reply-equip-001,"{'vibration': {'accel_x': 0.0, 'accel_y': 0.0, 'accel_z': 9.81}, 'temperature': {'value_celsius': 0.0}, 'current_voltage': {'current_amps': 5.0}}"
31205,reply-equip-001,"{'vibration': {'accel_x': 0.0, 'accel_y': 0.0, 'accel_z': 9.81}, 'temperature': {'value_celsius': 0.0}, 'current_voltage': {'current_amps': 5.0}}"
32204,reply-equip-001,"{'vibration': {'accel_x': 0.0, 'accel_y': 0.0, 'accel_z': 9.81}, 'temperature': {'value_celsius': 0.0}, 'current_voltage': {'current_amps': 5.0}}"
13651,reply-equip-001,"{'vibration': {'accel_x': 0.0, 'accel_y': 0.0, 'accel_z': 9.81}, 'temperature': {'value_celsius': 0.0}, 'current_voltage': {'current_amps': 5.0}}"
13651,reply-equip-001,"{'vibration': {'accel_x': 0.0, 'accel_y': 0.0, 'accel_z': 9.81}, 'temperature': {'value_celsius': 0.0}, 'current_voltage': {'current_amps': 5.0}}"
14651,reply-equip-001,"{'vibration': {'accel_x': 0.0, 'accel_y': 0.0, 'accel_z': 9.81}, 'temperature': {'value_celsius': 0.0}, 'current_voltage': {'current_amps': 5.0}}"
13651,reply-equip-001,"{'vibration': {'accel_x': 0.0, 'accel_y': 0.0, 'accel_z': 9.81}, 'temperature': {'value_celsius': 0.0}, 'current_voltage': {'current_amps': 5.0}}"
14651,reply-equip-001,"{'vibration': {'accel_x': 0.0, 'accel_y': 0.0, 'accel_z': 9.81}, 'temperature': {'value_celsius': 0.0}, 'current_voltage': {'current_amps': 5.0}}"
15651,reply-equip-001,"{'vibration': {'accel_x': 0.0, 'accel_y': 0.0, 'accel_z': 9.81}, 'temperature': {'value_celsius': 0.0}, 'current_voltage': {'current_amps': 5.0}}"
13651,reply-equip-001,"{'vibration': {'accel_x': 0.0, 'accel_y': 0.0, 'accel_z': 9.81}, 'temperature': {'value_celsius': 0.0}, 'current_voltage': {'current_amps': 5.0}}"
14651,reply-equip-001,"{'vibration': {'accel_x': 0.0, 'accel_y': 0.0, 'accel_z': 9.81}, 'temperature': {'value_celsius': 0.0}, 'current_voltage': {'current_amps': 5.0}}"
15651,reply-equip-001,"{'vibration': {'accel_x': 0.0, 'accel_y': 0.0, 'accel_z': 9.81}, 'temperature': {'value_celsius': 0.0}, 'current_voltage': {'current_amps': 5.0}}"
16651,reply-equip-001,"{'vibration': {'accel_x': 0.0, 'accel_y': 0.0, 'accel_z': 9.81}, 'temperature': {'value_celsius': 0.0}, 'current_voltage': {'current_amps': 5.0}}"
13651,reply-equip-001,"{'vibration': {'accel_x': 0.0, 'accel_y': 0.0, 'accel_z': 9.81}, 'temperature': {'value_celsius': 0.0}, 'current_voltage': {'current_amps': 5.0}}"
14651,reply-equip-001,"{'vibration': {'accel_x': 0.0, 'accel_y': 0.0, 'accel_z': 9.81}, 'temperature': {'value_celsius': 0.0}, 'current_voltage': {'current_amps': 5.0}}"
15651,reply-equip-001,"{'vibration': {'accel_x': 0.0, 'accel_y': 0.0, 'accel_z': 9.81}, 'temperature': {'value_celsius': 0.0}, 'current_voltage': {'current_amps': 5.0}}"
16651,reply-equip-001,"{'vibration': {'accel_x': 0.0, 'accel_y': 0.0, 'accel_z': 9.81}, 'temperature': {'value_celsius': 0.0}, 'current_voltage': {'current_amps': 5.0}}"
17652,reply-equip-001,"{'vibration': {'accel_x': 0.0, 'accel_y': 0.0, 'accel_z': 9.81}, 'temperature': {'value_celsius': 0.0}, 'current_voltage': {'current_amps': 5.0}}"
13651,reply-equip-001,"{'vibration': {'accel_x': 0.0, 'accel_y': 0.0, 'accel_z': 9.81}, 'temperature': {'value_celsius': 0.0}, 'current_voltage': {'current_amps': 5.0}}"
14651,reply-equip-001,"{'vibration': {'accel_x': 0.0, 'accel_y': 0.0, 'accel_z': 9.81}, 'temperature': {'value_celsius': 0.0}, 'current_voltage': {'current_amps': 5.0}}"
15651,reply-equip-001,"{'vibration': {'accel_x': 0.0, 'accel_y': 0.0, 'accel_z': 9.81}, 'temperature': {'value_celsius': 0.0}, 'current_voltage': {'current_amps': 5.0}}"
16651,reply-equip-001,"{'vibration': {'accel_x': 0.0, 'accel_y': 0.0, 'accel_z': 9.81}, 'temperature': {'value_celsius': 0.0}, 'current_voltage': {'current_amps': 5.0}}"
17652,reply-equip-001,"{'vibration': {'accel_x': 0.0, 'accel_y': 0.0, 'accel_z': 9.81}, 'temperature': {'value_celsius': 0.0}, 'current_voltage': {'current_amps': 5.0}}"
18651,reply-equip-001,"{'vibration': {'accel_x': 0.0, 'accel_y': 0.0, 'accel_z': 9.81}, 'temperature': {'value_celsius': 0.0}, 'current_voltage': {'current_amps': 5.0}}"
13651,reply-equip-001,"{'vibration': {'accel_x': 0.0, 'accel_y': 0.0, 'accel_z': 9.81}, 'temperature': {'value_celsius': 0.0}, 'current_voltage': {'current_amps': 5.0}}"
14651,reply-equip-001,"{'vibration': {'accel_x': 0.0, 'accel_y': 0.0, 'accel_z': 9.81}, 'temperature': {'value_celsius': 0.0}, 'current_voltage': {'current_amps': 5.0}}"
15651,reply-equip-001,"{'vibration': {'accel_x': 0.0, 'accel_y': 0.0, 'accel_z': 9.81}, 'temperature': {'value_celsius': 0.0}, 'current_voltage': {'current_amps': 5.0}}"
16651,reply-equip-001,"{'vibration': {'accel_x': 0.0, 'accel_y': 0.0, 'accel_z': 9.81}, 'temperature': {'value_celsius': 0.0}, 'current_voltage': {'current_amps': 5.0}}"
17652,reply-equip-001,"{'vibration': {'accel_x': 0.0, 'accel_y': 0.0, 'accel_z': 9.81}, 'temperature': {'value_celsius': 0.0}, 'current_voltage': {'current_amps': 5.0}}"
18651,reply-equip-001,"{'vibration': {'accel_x': 0.0, 'accel_y': 0.0, 'accel_z': 9.81}, 'temperature': {'value_celsius': 0.0}, 'current_voltage': {'current_amps': 5.0}}"
19651,reply-equip-001,"{'vibration': {'accel_x': 0.0, 'accel_y': 0.0, 'accel_z': 9.81}, 'temperature': {'value_celsius': 0.0}, 'current_voltage': {'current_amps': -5.0}}"
